{"data":[{"id":20333,"bio":"leader, film lover, model","fullName":"Агафья Нестерова","firstName":"Ярополк","middleName":"Austin","birthdate":"1982-02-04T00:30:29.562Z","age":31,"email":"Denis_Donnelly@mail.ru","phone":"(907)319-62-72","sex":"male","sexType":"female","country":"Сент-Люсия","city":"Сибай","streetAddress":"аллея Балтийская, 742","countChild":1,"countCar":5,"countHouse":1,"hasMarriage":0,"socialStatus":2,"lastBuy":2,"jobArea":"интеграционный","jobDescriptor":"Центральный","jobType":"аналитик","jobTitle":"Центральный оптимизационный архитектор","department":"для малышей","articul":"978-1-02-567602-9","price":"694.00","product":"Плащ","productAdjective":"Потрясающий","productMaterial":"Бетонный","productName":"Грубый Меховой Ножницы"},{"id":57637,"bio":"philosopher","fullName":"Мамонтов Модест","firstName":"Анжелика","middleName":"Logan","birthdate":"2003-09-30T19:59:05.149Z","age":34,"email":"Orest.Altenwerth70@yahoo.com","phone":"(950)996-60-73","sex":"male","sexType":"male","country":"Латвия","city":"Невьянск","streetAddress":"наб. Тупиковая, 736","countChild":2,"countCar":0,"countHouse":1,"hasMarriage":1,"socialStatus":3,"lastBuy":0,"jobArea":"страховой","jobDescriptor":"Центральный","jobType":"аналитик","jobTitle":"Региональный коммуникационный планировщик","department":"Бакалея","articul":"978-1-4000-4042-1","price":"820.00","product":"Стол","productAdjective":"Грубый","productMaterial":"Деревянный","productName":"Лоснящийся Кожанный Ножницы"},{"id":21492,"bio":"animal enthusiast  🤳🏽","fullName":"Ангелина Якушева","firstName":"Карп","middleName":"Bailey","birthdate":"1986-06-16T05:14:02.510Z","age":64,"email":"Naina_Reinger53@yandex.ru","phone":"(987)919-95-89","sex":"female","sexType":"female","country":"Эквадор","city":"Соль-Илецк","streetAddress":"Станционная аллея, 250","countChild":2,"countCar":1,"countHouse":1,"hasMarriage":1,"socialStatus":1,"lastBuy":3,"jobArea":"маркетинговый","jobDescriptor":"Региональный","jobType":"специалист","jobTitle":"Областной интеграционный администратор","department":"Спорт","articul":"978-0-6489654-3-5","price":"80.00","product":"Ремень","productAdjective":"Маленький","productMaterial":"Хлопковый","productName":"Практичный Кожанный Стул"},{"id":68502,"bio":"student, veteran, activist 🤐","fullName":"Панфилов Сила","firstName":"Вениамин","middleName":"Corey","birthdate":"2000-08-25T13:51:23.102Z","age":14,"email":"Epifan24@yahoo.com","phone":"(988)971-69-75","sex":"female","sexType":"male","country":"Тринидад и Тобаго","city":"Чехов","streetAddress":"ал. Песочная, 975","countChild":1,"countCar":2,"countHouse":0,"hasMarriage":0,"socialStatus":3,"lastBuy":2,"jobArea":"функциональный","jobDescriptor":"Генеральный","jobType":"планировщик","jobTitle":"Центральный операционный аналитик","department":"садинструмент","articul":"978-0-924211-16-4","price":"553.00","product":"Свитер","productAdjective":"Эргономичный","productMaterial":"Пластиковый","productName":"Практичный Хлопковый Ножницы"},{"id":47428,"bio":"drama enthusiast, student","fullName":"Афиноген Антипович Попов","firstName":"Семен","middleName":"Shawn","birthdate":"2006-08-20T01:34:31.676Z","age":45,"email":"Silukvestr_Gerhold@yahoo.com","phone":"(956)104-51-42","sex":"female","sexType":"female","country":"Филиппины","city":"Великий Устюг","streetAddress":"ул. Кубанская, 392","countChild":3,"countCar":0,"countHouse":2,"hasMarriage":0,"socialStatus":3,"lastBuy":0,"jobArea":"маркетинговый","jobDescriptor":"Региональный","jobType":"руководитель","jobTitle":"Районный коммуникационный консультант","department":"Пряжа","articul":"978-1-01-334514-2","price":"152.00","product":"Кошелек","productAdjective":"Практичный","productMaterial":"Резиновый","productName":"Свободный Резиновый Шарф"},{"id":73799,"bio":"peach lover  👫🏿","fullName":"Гурий Лыткин","firstName":"Мирон","middleName":"River","birthdate":"1989-03-03T18:45:08.451Z","age":33,"email":"Bronislav90@mail.ru","phone":"(998)722-72-61","sex":"male","sexType":"male","country":"Россия","city":"Ярославль","streetAddress":"Клубная набережная, 460","countChild":1,"countCar":4,"countHouse":3,"hasMarriage":1,"socialStatus":2,"lastBuy":3,"jobArea":"функциональный","jobDescriptor":"Главный","jobType":"администратор","jobTitle":"Центральный операционный помощник","department":"здоровье","articul":"978-1-80790-769-3","price":"576.00","product":"Автомобиль","productAdjective":"Свободный","productMaterial":"Натуральный","productName":"Фантастический Неодимовый Носки"},{"id":46210,"bio":"activist, musician, filmmaker","fullName":"Светозар Гордеев","firstName":"Сильвестр","middleName":"Leslie","birthdate":"1996-08-10T12:05:58.266Z","age":39,"email":"Avksentii13@yandex.ru","phone":"(996)017-86-02","sex":"male","sexType":"male","country":"Румыния","city":"Билибино","streetAddress":"Северная аллея, 420","countChild":4,"countCar":2,"countHouse":0,"hasMarriage":1,"socialStatus":3,"lastBuy":1,"jobArea":"маркетинговый","jobDescriptor":"Региональный","jobType":"архитектор","jobTitle":"Ведущий маркетинговый инженер","department":"Книги","articul":"978-0-08-212282-1","price":"146.00","product":"Компьютер","productAdjective":"Грубый","productMaterial":"Натуральный","productName":"Грубый Натуральный Носки"},{"id":47025,"bio":"blogger","fullName":"Юдина Евфросиния","firstName":"Севастьян","middleName":"Phoenix","birthdate":"1977-11-22T15:52:15.611Z","age":22,"email":"Filaret.Medhurst@yandex.ru","phone":"(994)322-11-12","sex":"male","sexType":"female","country":"Афганистан","city":"Кашира","streetAddress":"ул. Механическая, 108","countChild":4,"countCar":5,"countHouse":1,"hasMarriage":0,"socialStatus":3,"lastBuy":0,"jobArea":"интеграционный","jobDescriptor":"Областной","jobType":"сотрудник","jobTitle":"Глобальный функциональный агент","department":"Дом","articul":"978-1-6599-8789-8","price":"882.00","product":"Кулон","productAdjective":"Невероятный","productMaterial":"Бетонный","productName":"Великолепный Резиновый Куртка"},{"id":16053,"bio":"wannabe advocate, geek","fullName":"Нинель Григорьевна Лебедева","firstName":"Амос","middleName":"Skyler","birthdate":"1975-03-03T00:22:14.019Z","age":22,"email":"Mefodii92@yandex.ru","phone":"(997)338-95-09","sex":"female","sexType":"male","country":"Мьянма","city":"Оймякон","streetAddress":"Казанская пл., 737","countChild":5,"countCar":2,"countHouse":3,"hasMarriage":0,"socialStatus":1,"lastBuy":0,"jobArea":"логистический","jobDescriptor":"Районный","jobType":"архитектор","jobTitle":"Национальный коммуникационный планировщик","department":"Бакалея","articul":"978-0-03-278293-8","price":"638.00","product":"Плащ","productAdjective":"Интеллектуальный","productMaterial":"Деревянный","productName":"Свободный Хлопковый Кошелек"},{"id":51214,"bio":"rose lover, musician","fullName":"Трофимов Селиверст Феодосьевич","firstName":"Всеслав","middleName":"Rowan","birthdate":"1974-04-01T05:32:58.045Z","age":43,"email":"Stanislav_Thiel@gmail.com","phone":"(920)861-27-14","sex":"male","sexType":"male","country":"Венесуэла","city":"Усть-Камчатск","streetAddress":"Моховая ал., 329","countChild":1,"countCar":1,"countHouse":2,"hasMarriage":0,"socialStatus":3,"lastBuy":2,"jobArea":"интеграционный","jobDescriptor":"Ведущий","jobType":"администратор","jobTitle":"Областной оптимизационный дизайнер","department":"здоровье","articul":"978-0-643-28746-4","price":"342.00","product":"Портмоне","productAdjective":"Потрясающий","productMaterial":"Натуральный","productName":"Фантастический Резиновый Стул"}]}